order_id,invoice_date,invoice_amount,invoice_status
1,2025-01-25,21076.0,Generated
2,2025-02-20,2469.28,Generated
3,2025-03-17,19143.52,Generated
4,2025-03-28,4290.0,Generated
5,2024-11-12,16871.36,Generated
6,2024-05-05,9836.64,Generated
7,2025-01-17,1585.76,Generated
8,2024-04-28,3062.4,Generated
9,2024-11-27,9702.0,Generated
10,2024-06-26,19547.44,Generated
11,2024-10-22,1649.12,Generated
12,2025-02-28,1166.88,Generated
13,2025-03-11,8263.2,Generated
14,2024-08-01,15551.36,Generated
15,2025-02-27,6121.28,Generated
16,2024-11-27,3096.72,Generated
17,2025-03-21,12615.68,Generated
18,2024-11-28,14403.84,Generated
19,2025-02-05,12265.44,Generated
20,2024-06-12,15928.0,Generated
21,2024-05-31,4143.92,Generated
22,2024-12-11,7899.76,Generated
23,2025-02-01,10890.88,Generated
24,2024-10-13,7839.04,Generated
25,2024-05-03,14006.08,Generated
26,2025-03-25,24608.32,Generated
27,2024-08-01,2655.84,Generated
28,2024-07-27,9810.24,Generated
29,2024-04-03,10837.2,Generated
30,2024-10-18,9217.12,Generated
31,2025-01-15,18546.0,Generated
32,2024-07-24,6252.4,Generated
33,2025-02-19,21631.28,Generated
34,2025-02-26,14670.48,Generated
35,2024-04-20,13899.6,Generated
36,2024-08-03,17173.2,Generated
37,2024-05-19,13405.92,Generated
38,2024-07-12,23273.36,Generated
39,2024-04-01,10400.72,Generated
40,2024-04-20,1102.64,Generated
41,2024-11-25,27181.44,Generated
42,2024-04-25,3928.32,Generated
43,2024-10-23,3622.08,Generated
44,2024-08-02,20577.04,Generated
45,2024-07-22,19565.92,Generated
46,2025-03-11,1006.72,Generated
47,2024-04-23,19763.92,Generated
48,2025-01-10,6959.04,Generated
49,2025-02-21,10288.96,Generated
50,2025-01-21,5771.92,Generated
51,2024-10-29,21189.52,Generated
52,2024-08-13,5231.6,Generated
53,2024-04-22,2560.8,Generated
54,2024-06-18,28768.96,Generated
55,2024-11-26,28754.88,Generated
56,2024-04-10,5346.88,Generated
57,2024-12-02,3388.0,Generated
58,2024-05-24,17954.64,Generated
59,2025-03-30,10041.68,Generated
60,2024-05-20,1823.36,Generated
61,2024-07-05,24490.4,Generated
62,2024-06-13,12522.4,Generated
63,2024-12-27,7083.12,Generated
64,2024-06-23,6095.76,Generated
65,2025-02-10,18626.08,Generated
66,2024-12-19,18116.56,Generated
67,2024-09-13,10543.28,Generated
68,2024-05-25,22291.28,Generated
69,2024-12-18,16403.2,Generated
70,2024-10-13,10686.72,Generated
71,2024-04-02,809.6,Generated
72,2024-05-07,8870.4,Generated
73,2024-04-16,11555.28,Generated
74,2025-01-10,14116.08,Generated
75,2025-02-26,11250.8,Generated
76,2024-05-14,15808.32,Generated
77,2024-12-14,6698.56,Generated
78,2025-01-13,4121.92,Generated
79,2025-02-12,7380.56,Generated
80,2025-02-08,24725.36,Generated
81,2025-01-30,8417.2,Generated
82,2025-01-01,20100.08,Generated
83,2024-05-10,6280.56,Generated
84,2025-03-28,27285.28,Generated
85,2024-04-28,12723.92,Generated
86,2025-03-05,7054.08,Generated
87,2025-01-05,12899.92,Generated
88,2025-02-09,17772.48,Generated
89,2024-08-27,27302.88,Generated
90,2024-11-21,14833.28,Generated
91,2024-10-21,18931.44,Generated
92,2025-03-10,9758.32,Generated
93,2024-04-04,16204.32,Generated
94,2025-01-12,10567.04,Generated
95,2024-07-16,6073.76,Generated
96,2024-04-13,3109.04,Generated
97,2024-07-05,3682.8,Generated
98,2024-12-16,12288.32,Generated
99,2024-11-21,11663.52,Generated
100,2024-07-16,14345.76,Generated
101,2024-06-02,6636.96,Generated
102,2025-03-29,1224.96,Generated
103,2025-02-27,15183.52,Generated
104,2024-07-16,6820.0,Generated
105,2025-03-10,12990.56,Generated
106,2024-11-06,3657.28,Generated
107,2024-05-27,7448.32,Generated
108,2025-02-08,22799.04,Generated
109,2024-05-15,1732.72,Generated
110,2025-01-05,1425.6,Generated
111,2024-12-23,17668.64,Generated
112,2024-09-28,15688.64,Generated
113,2025-03-13,14071.2,Generated
114,2024-05-19,6520.8,Generated
115,2024-05-15,18288.16,Generated
116,2024-08-01,13052.16,Generated
117,2024-05-22,5520.24,Generated
118,2024-05-16,12851.52,Generated
119,2024-10-06,14473.36,Generated
120,2024-08-19,14089.68,Generated
121,2024-09-02,8764.8,Generated
122,2024-09-06,6434.56,Generated
123,2024-08-30,8317.76,Generated
124,2024-06-15,3125.76,Generated
125,2024-12-09,21663.84,Generated
126,2025-02-05,4378.0,Generated
127,2025-01-21,9191.6,Generated
128,2024-09-19,12689.6,Generated
129,2024-07-08,24412.96,Generated
130,2024-04-04,8960.16,Generated
131,2024-05-11,20900.0,Generated
132,2024-05-09,26512.64,Generated
133,2024-04-23,7492.32,Generated
134,2024-05-29,18455.36,Generated
135,2025-03-16,12035.76,Generated
136,2025-03-21,11221.76,Generated
137,2025-02-01,25348.4,Generated
138,2024-07-19,7549.52,Generated
139,2024-12-23,3408.24,Generated
140,2024-10-15,14440.8,Generated
141,2024-11-20,2594.24,Generated
142,2024-10-26,7286.4,Generated
143,2025-02-07,14432.0,Generated
144,2025-01-20,9294.56,Generated
145,2025-02-27,5971.68,Generated
146,2024-07-17,17806.8,Generated
147,2024-05-11,7933.2,Generated
148,2024-04-12,23041.92,Generated
149,2024-05-01,3773.44,Generated
150,2024-04-16,5720.88,Generated
151,2025-03-10,2745.6,Generated
152,2025-03-15,506.88,Generated
153,2024-06-09,5363.6,Generated
154,2024-11-07,902.0,Generated
155,2024-04-29,13851.2,Generated
156,2024-07-02,14829.76,Generated
157,2025-02-11,23640.32,Generated
158,2024-08-29,4931.52,Generated
159,2024-11-13,18043.52,Generated
160,2024-08-09,19173.44,Generated
161,2025-03-28,8911.76,Generated
162,2024-06-08,9673.84,Generated
163,2024-08-08,13864.4,Generated
164,2024-09-01,10216.8,Generated
165,2024-09-26,5313.44,Generated
166,2024-04-15,9313.92,Generated
167,2024-09-14,4798.64,Generated
168,2024-10-13,6079.92,Generated
169,2024-05-19,11603.68,Generated
170,2024-06-23,14938.88,Generated
171,2024-11-13,479.6,Generated
172,2024-06-23,12964.16,Generated
173,2025-03-01,7330.4,Generated
174,2025-03-02,19880.08,Generated
175,2024-11-29,10486.08,Generated
176,2025-02-14,13588.08,Generated
177,2024-09-14,2478.08,Generated
178,2024-08-19,9179.28,Generated
179,2024-08-06,3310.56,Generated
180,2024-04-07,3581.6,Generated
181,2024-10-29,5283.52,Generated
182,2025-01-01,14380.96,Generated
183,2024-04-11,2807.2,Generated
184,2024-09-22,19647.76,Generated
185,2024-07-28,19759.52,Generated
186,2025-01-04,36585.12,Generated
187,2024-09-30,10661.2,Generated
188,2024-09-16,21262.56,Generated
189,2024-04-01,1337.6,Generated
190,2024-08-01,5459.52,Generated
191,2024-09-23,1888.48,Generated
192,2024-05-11,3453.12,Generated
193,2024-12-29,13918.08,Generated
194,2024-06-22,7149.12,Generated
195,2024-05-24,11970.64,Generated
196,2024-04-19,2914.56,Generated
197,2024-09-08,10320.64,Generated
198,2024-11-04,13640.0,Generated
199,2025-02-16,19907.36,Generated
200,2024-09-20,12875.28,Generated
201,2024-10-05,11302.72,Generated
202,2024-05-03,19954.0,Generated
203,2025-01-01,12426.48,Generated
204,2024-06-02,7733.44,Generated
205,2024-11-21,7379.68,Generated
206,2024-06-22,853.6,Generated
207,2024-07-18,15785.44,Generated
208,2024-12-28,16434.88,Generated
209,2024-04-28,6314.88,Generated
210,2025-02-27,14023.68,Generated
211,2025-03-06,4097.28,Generated
212,2025-01-01,4628.8,Generated
213,2024-08-04,16485.92,Generated
214,2024-10-26,17190.8,Generated
215,2024-12-22,16337.2,Generated
216,2025-03-20,4321.68,Generated
217,2025-02-18,6336.0,Generated
218,2024-05-16,9655.36,Generated
219,2025-02-26,21511.6,Generated
220,2024-07-18,13293.28,Generated
221,2024-07-21,4348.96,Generated
222,2024-08-26,23512.72,Generated
223,2024-04-07,9460.0,Generated
224,2024-08-12,11179.52,Generated
225,2024-11-07,4189.68,Generated
226,2024-05-31,21235.28,Generated
227,2024-06-30,12136.96,Generated
228,2025-02-07,10107.68,Generated
229,2024-11-11,7339.2,Generated
230,2025-02-09,18036.48,Generated
231,2025-03-18,18760.72,Generated
232,2024-06-25,3550.8,Generated
233,2025-03-20,3594.8,Generated
234,2024-08-24,14534.96,Generated
235,2024-10-18,8609.04,Generated
236,2024-08-06,4236.32,Generated
237,2024-09-22,2349.6,Generated
238,2024-08-10,8338.0,Generated
239,2024-04-15,5605.6,Generated
240,2024-05-17,6087.84,Generated
241,2025-03-20,5074.08,Generated
242,2024-07-17,5026.56,Generated
243,2025-02-23,4278.56,Generated
244,2024-08-11,3243.68,Generated
245,2025-02-11,8236.8,Generated
246,2025-03-02,7744.0,Generated
247,2025-02-24,11172.48,Generated
248,2025-01-28,26106.96,Generated
249,2024-06-12,2611.84,Generated
250,2025-03-02,17556.0,Generated
251,2024-05-06,12213.52,Generated
252,2025-02-01,9039.36,Generated
253,2024-05-05,4551.36,Generated
254,2025-03-22,4232.8,Generated
255,2024-10-18,17774.24,Generated
256,2024-09-03,15688.64,Generated
257,2024-05-10,16200.8,Generated
258,2024-05-03,1316.48,Generated
259,2024-05-05,16838.8,Generated
260,2024-12-31,16096.96,Generated
261,2024-04-08,9408.96,Generated
262,2024-05-08,2883.76,Generated
263,2024-10-03,14170.64,Generated
264,2024-05-09,22828.08,Generated
265,2024-06-12,9865.68,Generated
266,2025-01-11,20424.8,Generated
267,2024-05-28,16976.96,Generated
268,2024-12-09,4247.76,Generated
269,2025-02-26,3215.52,Generated
270,2024-12-18,15818.88,Generated
271,2025-03-19,13842.4,Generated
272,2024-08-19,1742.4,Generated
273,2024-11-17,8211.28,Generated
274,2024-07-01,12987.92,Generated
275,2024-05-22,12840.08,Generated
276,2024-08-09,19683.84,Generated
277,2024-09-03,9105.36,Generated
278,2024-10-20,7568.88,Generated
279,2024-10-27,11407.44,Generated
280,2025-03-23,10516.88,Generated
281,2025-03-20,10127.92,Generated
282,2024-06-28,19644.24,Generated
283,2024-11-14,23522.4,Generated
284,2024-05-19,20493.44,Generated
285,2024-11-22,7595.28,Generated
286,2024-09-23,15852.32,Generated
287,2024-09-13,14362.48,Generated
288,2024-07-15,23940.4,Generated
289,2024-04-16,7154.4,Generated
290,2024-10-16,4031.28,Generated
291,2024-07-25,2917.2,Generated
292,2024-05-25,17074.64,Generated
293,2024-07-16,26578.64,Generated
294,2024-09-27,12540.88,Generated
295,2025-03-10,20231.2,Generated
296,2024-09-19,5475.36,Generated
297,2024-08-21,9203.92,Generated
298,2025-02-14,11893.2,Generated
299,2024-04-06,19129.44,Generated
300,2024-07-07,6200.48,Generated
