invoice_id,payment_mode_id,payment_date,payment_amount,payment_status
1,1,2024-04-03,21076.0,Completed
2,1,2024-06-28,2469.28,Completed
3,2,2024-07-27,19143.52,Completed
4,3,2024-06-29,4290.0,Completed
5,3,2024-08-14,16871.36,Completed
6,2,2025-03-31,9836.64,Completed
7,1,2024-07-31,1585.76,Completed
8,2,2024-04-10,3062.4,Completed
9,4,2024-04-13,9702.0,Completed
10,1,2024-05-29,19547.44,Completed
11,1,2024-05-13,1649.12,Completed
12,4,2024-05-16,1166.88,Completed
13,3,2024-07-11,8263.2,Completed
14,1,2024-06-16,15551.36,Completed
15,2,2024-11-27,6121.28,Completed
16,1,2024-09-19,3096.72,Completed
17,1,2024-05-08,12615.68,Completed
18,3,2024-12-24,14403.84,Completed
19,1,2024-09-26,12265.44,Completed
20,3,2024-09-11,15928.0,Completed
21,2,2024-08-28,4143.92,Completed
22,3,2024-10-31,7899.76,Completed
23,3,2024-12-02,10890.88,Completed
24,2,2024-08-11,7839.04,Completed
25,2,2024-09-18,14006.08,Completed
26,3,2024-04-29,24608.32,Completed
27,3,2024-05-13,2655.84,Completed
28,3,2024-08-14,9810.24,Completed
29,3,2024-06-23,10837.2,Completed
30,2,2024-08-14,9217.12,Completed
31,1,2024-05-17,18546.0,Completed
32,2,2024-05-03,6252.4,Completed
33,2,2025-02-14,21631.28,Completed
34,3,2024-04-27,14670.48,Completed
35,4,2025-03-23,13899.6,Completed
36,1,2024-08-13,17173.2,Completed
37,2,2024-06-07,13405.92,Completed
38,2,2024-09-16,23273.36,Completed
39,2,2024-09-22,10400.72,Completed
40,4,2024-12-13,1102.64,Completed
41,3,2024-12-08,27181.44,Completed
42,2,2024-06-12,3928.32,Completed
43,4,2024-07-06,3622.08,Completed
44,3,2025-02-04,20577.04,Completed
45,1,2025-01-12,19565.92,Completed
46,1,2024-04-27,1006.72,Completed
47,1,2024-06-18,19763.92,Completed
48,4,2025-03-21,6959.04,Completed
49,3,2024-11-03,10288.96,Completed
50,2,2024-10-15,5771.92,Completed
51,3,2024-08-30,21189.52,Completed
52,1,2024-04-09,5231.6,Completed
53,4,2024-07-27,2560.8,Completed
54,4,2024-09-07,28768.96,Completed
55,4,2024-05-07,28754.88,Completed
56,1,2024-11-28,5346.88,Completed
57,1,2024-05-19,3388.0,Completed
58,4,2024-05-04,17954.64,Completed
59,4,2025-01-26,10041.68,Completed
60,1,2024-06-17,1823.36,Completed
61,4,2024-07-07,24490.4,Completed
62,1,2025-03-29,12522.4,Completed
63,4,2024-11-18,7083.12,Completed
64,4,2024-11-26,6095.76,Completed
65,2,2024-07-28,18626.08,Completed
66,2,2025-02-13,18116.56,Completed
67,4,2024-05-18,10543.28,Completed
68,4,2025-03-06,22291.28,Completed
69,1,2024-11-28,16403.2,Completed
70,1,2025-01-15,10686.72,Completed
71,2,2024-11-09,809.6,Completed
72,1,2024-06-10,8870.4,Completed
73,3,2024-04-07,11555.28,Completed
74,3,2024-07-08,14116.08,Completed
75,4,2025-01-24,11250.8,Completed
76,4,2024-07-20,15808.32,Completed
77,2,2024-05-26,6698.56,Completed
78,3,2025-02-19,4121.92,Completed
79,1,2024-11-21,7380.56,Completed
80,1,2024-08-02,24725.36,Completed
81,2,2024-08-11,8417.2,Completed
82,4,2024-12-13,20100.08,Completed
83,2,2024-11-03,6280.56,Completed
84,4,2024-12-24,27285.28,Completed
85,1,2024-12-29,12723.92,Completed
86,1,2024-09-17,7054.08,Completed
87,4,2024-04-30,12899.92,Completed
88,1,2024-04-16,17772.48,Completed
89,2,2024-07-27,27302.88,Completed
90,2,2024-04-13,14833.28,Completed
91,3,2024-07-23,18931.44,Completed
92,2,2024-12-19,9758.32,Completed
93,1,2024-08-27,16204.32,Completed
94,1,2024-07-18,10567.04,Completed
95,4,2025-02-22,6073.76,Completed
96,3,2025-03-20,3109.04,Completed
97,4,2024-11-19,3682.8,Completed
98,4,2025-02-09,12288.32,Completed
99,2,2024-07-08,11663.52,Completed
100,1,2024-07-04,14345.76,Completed
101,4,2024-07-14,6636.96,Completed
102,3,2024-09-07,1224.96,Completed
103,1,2025-03-06,15183.52,Completed
104,2,2024-08-12,6820.0,Completed
105,3,2024-06-07,12990.56,Completed
106,3,2024-06-20,3657.28,Completed
107,1,2024-05-02,7448.32,Completed
108,1,2024-07-25,22799.04,Completed
109,4,2024-11-24,1732.72,Completed
110,4,2024-09-21,1425.6,Completed
111,3,2025-03-27,17668.64,Completed
112,2,2025-03-15,15688.64,Completed
113,1,2025-03-26,14071.2,Completed
114,1,2024-09-06,6520.8,Completed
115,4,2024-10-21,18288.16,Completed
116,1,2024-09-09,13052.16,Completed
117,2,2024-12-24,5520.24,Completed
118,4,2024-09-04,12851.52,Completed
119,2,2024-04-29,14473.36,Completed
120,3,2025-02-06,14089.68,Completed
121,2,2024-09-09,8764.8,Completed
122,4,2024-05-16,6434.56,Completed
123,3,2024-08-29,8317.76,Completed
124,1,2024-04-26,3125.76,Completed
125,3,2024-09-14,21663.84,Completed
126,2,2024-12-20,4378.0,Completed
127,2,2024-07-31,9191.6,Completed
128,1,2024-06-17,12689.6,Completed
129,4,2024-06-29,24412.96,Completed
130,1,2025-02-17,8960.16,Completed
131,4,2024-08-04,20900.0,Completed
132,2,2024-11-23,26512.64,Completed
133,1,2024-04-16,7492.32,Completed
134,3,2024-07-11,18455.36,Completed
135,4,2024-09-12,12035.76,Completed
136,2,2024-06-01,11221.76,Completed
137,2,2024-12-16,25348.4,Completed
138,3,2024-12-23,7549.52,Completed
139,3,2024-10-03,3408.24,Completed
140,2,2025-03-18,14440.8,Completed
141,1,2024-11-30,2594.24,Completed
142,4,2024-12-27,7286.4,Completed
143,1,2024-09-07,14432.0,Completed
144,2,2024-05-09,9294.56,Completed
145,1,2024-05-25,5971.68,Completed
146,3,2025-03-04,17806.8,Completed
147,4,2024-05-06,7933.2,Completed
148,2,2025-02-14,23041.92,Completed
149,1,2024-10-16,3773.44,Completed
150,4,2024-11-10,5720.88,Completed
151,3,2024-12-04,2745.6,Completed
152,4,2024-05-05,506.88,Completed
153,2,2024-08-08,5363.6,Completed
154,2,2025-03-09,902.0,Completed
155,2,2024-12-19,13851.2,Completed
156,4,2024-07-23,14829.76,Completed
157,2,2024-11-17,23640.32,Completed
158,3,2024-09-10,4931.52,Completed
159,4,2024-12-01,18043.52,Completed
160,3,2025-03-31,19173.44,Completed
161,2,2024-11-01,8911.76,Completed
162,3,2025-03-28,9673.84,Completed
163,1,2024-10-08,13864.4,Completed
164,4,2024-12-30,10216.8,Completed
165,2,2024-11-15,5313.44,Completed
166,3,2024-09-09,9313.92,Completed
167,4,2025-02-11,4798.64,Completed
168,1,2024-04-27,6079.92,Completed
169,3,2024-05-24,11603.68,Completed
170,2,2024-11-20,14938.88,Completed
171,2,2024-05-15,479.6,Completed
172,1,2025-02-21,12964.16,Completed
173,2,2024-08-21,7330.4,Completed
174,3,2024-06-08,19880.08,Completed
175,4,2024-04-20,10486.08,Completed
176,4,2025-01-11,13588.08,Completed
177,4,2024-06-06,2478.08,Completed
178,2,2024-05-03,9179.28,Completed
179,3,2024-11-25,3310.56,Completed
180,2,2025-03-17,3581.6,Completed
181,1,2025-02-12,5283.52,Completed
182,3,2024-04-18,14380.96,Completed
183,4,2024-09-01,2807.2,Completed
184,2,2025-03-03,19647.76,Completed
185,2,2024-05-06,19759.52,Completed
186,2,2025-03-05,36585.12,Completed
187,3,2024-09-22,10661.2,Completed
188,1,2024-11-10,21262.56,Completed
189,2,2024-12-23,1337.6,Completed
190,2,2024-05-14,5459.52,Completed
191,4,2024-06-14,1888.48,Completed
192,2,2024-10-19,3453.12,Completed
193,1,2025-03-24,13918.08,Completed
194,4,2024-05-19,7149.12,Completed
195,4,2024-04-27,11970.64,Completed
196,3,2024-04-17,2914.56,Completed
197,2,2024-08-26,10320.64,Completed
198,2,2025-03-10,13640.0,Completed
199,3,2024-06-09,19907.36,Completed
200,4,2024-12-28,12875.28,Completed
201,1,2024-05-25,11302.72,Completed
202,1,2025-03-25,19954.0,Completed
203,4,2024-05-07,12426.48,Completed
204,1,2024-09-09,7733.44,Completed
205,1,2024-06-23,7379.68,Completed
206,3,2024-12-29,853.6,Completed
207,1,2025-02-04,15785.44,Completed
208,3,2024-10-26,16434.88,Completed
209,2,2024-06-26,6314.88,Completed
210,2,2024-08-01,14023.68,Completed
211,4,2024-06-28,4097.28,Completed
212,1,2024-10-16,4628.8,Completed
213,4,2024-11-05,16485.92,Completed
214,3,2025-03-29,17190.8,Completed
215,1,2024-09-21,16337.2,Completed
216,4,2024-10-03,4321.68,Completed
217,2,2024-06-03,6336.0,Completed
218,4,2024-08-03,9655.36,Completed
219,3,2024-11-21,21511.6,Completed
220,2,2025-01-08,13293.28,Completed
221,4,2024-05-30,4348.96,Completed
222,1,2024-05-17,23512.72,Completed
223,3,2024-08-11,9460.0,Completed
224,4,2024-10-15,11179.52,Completed
225,2,2024-11-29,4189.68,Completed
226,3,2024-07-25,21235.28,Completed
227,2,2024-07-04,12136.96,Completed
228,4,2025-02-04,10107.68,Completed
229,3,2024-08-26,7339.2,Completed
230,3,2024-11-25,18036.48,Completed
231,1,2024-10-19,18760.72,Completed
232,1,2024-07-13,3550.8,Completed
233,4,2024-06-06,3594.8,Completed
234,2,2024-07-09,14534.96,Completed
235,3,2024-12-08,8609.04,Completed
236,1,2024-05-25,4236.32,Completed
237,4,2024-12-19,2349.6,Completed
238,4,2024-09-21,8338.0,Completed
239,3,2024-08-05,5605.6,Completed
240,2,2024-04-15,6087.84,Completed
241,4,2024-08-09,5074.08,Completed
242,3,2024-12-19,5026.56,Completed
243,2,2024-11-27,4278.56,Completed
244,4,2025-03-23,3243.68,Completed
245,1,2024-06-16,8236.8,Completed
246,2,2025-02-10,7744.0,Completed
247,4,2024-09-12,11172.48,Completed
248,4,2024-09-08,26106.96,Completed
249,2,2024-06-28,2611.84,Completed
250,2,2024-09-22,17556.0,Completed
251,3,2025-03-16,12213.52,Completed
252,3,2024-07-06,9039.36,Completed
253,4,2025-03-04,4551.36,Completed
254,4,2024-11-01,4232.8,Completed
255,3,2024-04-29,17774.24,Completed
256,2,2024-04-01,15688.64,Completed
257,2,2024-07-28,16200.8,Completed
258,2,2025-01-20,1316.48,Completed
259,3,2024-09-24,16838.8,Completed
260,1,2024-04-06,16096.96,Completed
261,1,2024-08-09,9408.96,Completed
262,2,2025-02-05,2883.76,Completed
263,4,2024-04-21,14170.64,Completed
264,4,2024-04-20,22828.08,Completed
265,1,2024-09-15,9865.68,Completed
266,4,2024-07-26,20424.8,Completed
267,4,2024-09-10,16976.96,Completed
268,3,2024-08-15,4247.76,Completed
269,3,2024-10-05,3215.52,Completed
270,3,2024-09-02,15818.88,Completed
271,4,2024-10-09,13842.4,Completed
272,3,2025-02-11,1742.4,Completed
273,2,2024-09-28,8211.28,Completed
274,4,2024-10-19,12987.92,Completed
275,1,2024-10-11,12840.08,Completed
276,2,2024-08-24,19683.84,Completed
277,4,2024-05-27,9105.36,Completed
278,3,2024-07-26,7568.88,Completed
279,1,2024-04-07,11407.44,Completed
280,3,2025-03-13,10516.88,Completed
281,2,2024-10-28,10127.92,Completed
282,2,2025-02-20,19644.24,Completed
283,2,2025-01-16,23522.4,Completed
284,3,2024-08-04,20493.44,Completed
285,3,2025-02-24,7595.28,Completed
286,3,2024-04-27,15852.32,Completed
287,2,2024-06-27,14362.48,Completed
288,1,2024-06-17,23940.4,Completed
289,4,2024-09-05,7154.4,Completed
290,1,2024-08-08,4031.28,Completed
291,2,2024-12-15,2917.2,Completed
292,1,2025-03-02,17074.64,Completed
293,4,2024-09-14,26578.64,Completed
294,3,2024-10-12,12540.88,Completed
295,1,2024-11-10,20231.2,Completed
296,1,2024-09-05,5475.36,Completed
297,1,2024-06-08,9203.92,Completed
298,2,2024-08-01,11893.2,Completed
299,1,2025-01-02,19129.44,Completed
300,2,2024-09-20,6200.48,Completed
